d6_p1_1,d6_p2_1,d6_f1_p1p2_1
d6_p1_2,d6_p2_2,d6_f1_p1p2_2
d6_p1_3,d6_p2_3,d6_f1_p1p2_3
d6_p1_4,d6_p2_4,d6_f1_p1p2_4
d6_p1_5,d6_p2_5,d6_f1_p1p2_5
d6_p1_6,d6_p2_6,d6_f1_p1p2_6
d6_p1_7,d6_p2_7,d6_f1_p1p2_7
d6_p1_8,d6_p2_8,d6_f1_p1p2_8
d6_p1_9,d6_p2_9,d6_f1_p1p2_9
d6_p1_10,d6_p2_10,d6_f1_p1p2_10
d6_p1_11,d6_p2_11,d6_f1_p1p2_11
d6_p1_12,d6_p2_12,d6_f1_p1p2_12
d6_p1_14,d6_p2_14,d6_f1_p1p2_14
d6_p1_15,d6_p2_15,d6_f1_p1p2_15
d6_p1_16,d6_p2_16,d6_f1_p1p2_16
d6_p1_17,d6_p2_17,d6_f1_p1p2_17
d6_p1_18,d6_p2_18,d6_f1_p1p2_18
d6_p1_19,d6_p2_19,d6_f1_p1p2_19
d6_p1_21,d6_p2_21,d6_f1_p1p2_21
d6_p1_22,d6_p2_22,d6_f1_p1p2_22
d6_p1_23,d6_p2_23,d6_f1_p1p2_23
d6_p1_24,d6_p2_24,d6_f1_p1p2_24
d6_p1_25,d6_p2_25,d6_f1_p1p2_25
d6_p1_26,d6_p2_26,d6_f1_p1p2_26
d6_p1_27,d6_p2_27,d6_f1_p1p2_27
d6_p1_28,d6_p2_28,d6_f1_p1p2_28