d7_p10_1,d7_p4_1,d7_f1_p10p4_1
d7_p10_2,d7_p4_2,d7_f1_p10p4_2
d7_p10_1,d7_p1_1,d7_f1_p10p1_1
d7_p10_2,d7_p1_2,d7_f1_p10p1_2
d7_p10_1,d7_p2_1,d7_f1_p10p2_1
d7_p10_2,d7_p2_2,d7_f1_p10p2_2
d7_p10_1,d7_p3_1,d7_f1_p10p3_1
d7_p10_2,d7_p3_2,d7_f1_p10p3_2
d7_p10_1,d7_p6_1,d7_f1_p10p6_1
d7_p10_2,d7_p6_2,d7_f1_p10p6_2
d7_p10_1,d7_p7_1,d7_f1_p10p7_1
d7_p10_2,d7_p7_2,d7_f1_p10p7_2
d7_p10_1,d7_p9_1,d7_f1_p10p9_1
d7_p10_2,d7_p9_2,d7_f1_p10p9_2
d7_p11_1,d7_p2_1,d7_f1_p11p2_1
d7_p11_2,d7_p2_2,d7_f1_p11p2_2
d7_p11_1,d7_p6_1,d7_f1_p11p6_1
d7_p11_2,d7_p6_2,d7_f1_p11p6_2
d7_p11_1,d7_p7_1,d7_f1_p11p7_1
d7_p11_2,d7_p7_2,d7_f1_p11p7_2
d7_p12_1,d7_p4_1,d7_f1_p12p4_1
d7_p12_2,d7_p4_2,d7_f1_p12p4_2
d7_p12_1,d7_p6_1,d7_f1_p12p6_1
d7_p12_2,d7_p6_2,d7_f1_p12p6_2
d7_p12_1,d7_p7_1,d7_f1_p12p7_1
d7_p12_2,d7_p7_2,d7_f1_p12p7_2
d7_p13_1,d7_p4_1,d7_f1_p13p4_1
d7_p13_2,d7_p4_2,d7_f1_p13p4_2
d7_p13_1,d7_p7_1,d7_f1_p13p7_1
d7_p13_2,d7_p7_2,d7_f1_p13p7_2
d7_p14_1,d7_p1_1,d7_f1_p14p1_1
d7_p14_2,d7_p1_2,d7_f1_p14p1_2
d7_p14_1,d7_p2_1,d7_f1_p14p2_1
d7_p14_2,d7_p2_2,d7_f1_p14p2_2
d7_p14_1,d7_p1_1,d7_f1_p14p1_1
d7_p14_2,d7_p1_2,d7_f1_p14p1_2
d7_p14_1,d7_p5_1,d7_f1_p14p5_1
d7_p14_2,d7_p5_2,d7_f1_p14p5_2
d7_p14_1,d7_p6_1,d7_f1_p14p6_1
d7_p14_2,d7_p6_2,d7_f1_p14p6_2
d7_p14_1,d7_p8_1,d7_f1_p14p8_1
d7_p14_2,d7_p8_2,d7_f1_p14p8_2
d7_p14_1,d7_p9_1,d7_f1_p14p9_1
d7_p14_2,d7_p9_2,d7_f1_p14p9_2
d7_p15_1,d7_p1_1,d7_f1_p15p1_1
d7_p15_2,d7_p1_2,d7_f1_p15p1_2
d7_p15_1,d7_p2_1,d7_f1_p15p2_1
d7_p15_2,d7_p2_2,d7_f1_p15p2_2
d7_p15_1,d7_p6_1,d7_f1_p15p6_1
d7_p15_2,d7_p6_2,d7_f1_p15p6_2
d7_p15_1,d7_p7_1,d7_f1_p15p7_1
d7_p15_2,d7_p7_2,d7_f1_p15p7_2
d7_p15_1,d7_p9_1,d7_f1_p15p9_1
d7_p15_2,d7_p9_2,d7_f1_p15p9_2